----------------------Zulqarnain-60078834---------------------------------------
--------------------------------SATAR-------------------------------------------

DROP TABLE JOBS CASCADE CONSTRAINTS;
DROP TABLE COMPANY CASCADE CONSTRAINTS;
DROP TABLE QHRCF CASCADE CONSTRAINTS;
DROP TABLE EMPLOYEE CASCADE CONSTRAINTS;
DROP TABLE DATABASE CASCADE CONSTRAINTS;
DROP TABLE APPLICANT CASCADE CONSTRAINTS;
DROP TABLE INTERVIEWRECORD CASCADE CONSTRAINTS;
DROP TABLE SELECTIONLIST CASCADE CONSTRAINTS;
DROP TABLE AGREEMENT CASCADE CONSTRAINTS;
DROP TABLE REGISTRATION CASCADE CONSTRAINTS;
DROP TABLE JOBDESCRIPTIONID CASCADE CONSTRAINTS;
DROP TABLE ADVERTISEMENT CASCADE CONSTRAINTS;
DROP TABLE NEWCUSTOMER CASCADE CONSTRAINTS;
DROP TABLE REGISTEREDCUSTOMER CASCADE CONSTRAINTS;
DROP TABLE JJ CASCADE CONSTRAINTS;



-----------------------------------Create Tables--------------------------------
 
CREATE TABLE JOBS
(
    Job_ID VARCHAR2(4) NOT NULL,
    Job_Name VARCHAR2(160) NOT NULL,
    Salary NUMBER(11) NOT NULL,
    Specilization VARCHAR2(160) NOT NULL,
    Experience NUMBER(8) NOT NULL,
    RegistrationID NUMBER(9) NOT NULL,
    CompanyID VARCHAR2(160) NOT NULL,
    MediaName VARCHAR2(160) NOT NULL,
    CONSTRAINT PK_JobID PRIMARY KEY  (Job_ID)
);
--- inserting records into JOBS
INSERT INTO JOBS VALUES
('IT11', 'IT Manager', 15000, 'Information Technology', 05, 300141538, '35001','QatarMedia');
INSERT INTO JOBS VALUES
('PM22','Project Manager', 25000, 'Business', 02,300141539, '35002' ,'GulfMedia');
INSERT INTO JOBS VALUES
('SE33','Software Engineer', 20000, 'Information Technology', 01,300141540, '35003','ALJazeera');
INSERT INTO JOBS VALUES
('DC44','Doctor', 30000, 'Health Science', 05,300141541, '35004','QMedia');
INSERT INTO JOBS VALUES
('PL55', 'Pilot', 55000, 'Aero Space', 05,300141542,'35005', 'AlKass');

CREATE TABLE COMPANY
(
    CompanyID VARCHAR2(160) NOT NULL,
    Comapny_Name VARCHAR2(160) NOT NULL,
    Address VARCHAR2(160) NOT NULL,
    PhoneNo NUMBER(8) NOT NULL,
    Country VARCHAR2(160) NOT NULL,
    Job_ID VARCHAR2(4) NOT NULL,
    CONSTRAINT PK_Company PRIMARY KEY  (CompanyID),
    CONSTRAINT faculty_Job_ID_fk FOREIGN KEY (Job_ID) REFERENCES JOBS(Job_ID)
);
--- inserting records into Company
INSERT INTO COMPANY VALUES
('35001', 'Qatar Petrolum', 'C-Ring Road', 77000770, 'Qatar', 'IT11');
INSERT INTO COMPANY VALUES
('35002', 'QAPCO', 'D-Ring Road', 77000771, 'Qatar', 'PM22');
INSERT INTO COMPANY VALUES
('35003', 'QCRI', 'Salwa Road', 77000772, 'Qatar', 'SE33');
INSERT INTO COMPANY VALUES
('35004', 'Hammad Medical', 'Al-Duhail', 77000773, 'Qatar', 'DC44');
INSERT INTO COMPANY VALUES
('35005', 'QEAF', 'Airport', 77000774, 'Qatar','PL55');

CREATE TABLE QHRCF
(
    Name VARCHAR2(160) NOT NULL,
    Address VARCHAR2(160) NOT NULL,
    Email VARCHAR2(160) NOT NULL,
    PhoneNo NUMBER(8) NOT NULL,
    SelectionId NUMBER(8) NOT NULL,
    CompanyID VARCHAR2(160) NOT NULL,
    CONSTRAINT PK_QHRCF PRIMARY KEY  (Name),
    CONSTRAINT faculty_COMPANY_ID_fk FOREIGN KEY (CompanyID) REFERENCES COMPANY(CompanyID)
);
--- inserting records into QHRCF
INSERT INTO QHRCF VALUES 
('Bella', 'st-890_ Al-mansoura' , 'bela@yahoo.com', 44477703, 99,'35001');
INSERT INTO QHRCF VALUES 
('Edward', 'st-990_ Al-wakra' ,'ewdard@gmail.com', 44477704, 98, '35002');
INSERT INTO QHRCF VALUES 
('Ayesha', 'st-444_ Al-mamoura' , 'ayesha@hotmail.com', 44477705, 97, '35003');
INSERT INTO QHRCF VALUES 
('Zed', 'st-840_ Al-saad' , 'zed@yahoo.com',  44477706, 96, '35004');
INSERT INTO QHRCF VALUES 
('Neelum', 'st-350_Ras-Bu-Aboud' , 'neelum@yahoo.com ',  44477707,95, '35005');

CREATE TABLE EMPLOYEE
(
    EmployeeId NUMBER(8) NOT NULL,
    Name VARCHAR2(20) NOT NULL,
    DOB DATE,
    HireDate DATE,
    Address VARCHAR2(70),
    Phone NUMBER(8),
    Email VARCHAR2(60),
    Salary NUMBER(8) NOT NULL,
    CompanyID VARCHAR2(160) NOT NULL,
    CONSTRAINT PK_Employee PRIMARY KEY  (EmployeeId),
    CONSTRAINT faculty_COMPANYID_fk FOREIGN KEY (CompanyID) REFERENCES COMPANY(CompanyID)
);
--- inserting records into EMPLOYEE
INSERT INTO EMPLOYEE VALUES
(60078833, 'Bella',TO_DATE('20/10/1993', 'DD/MM/YYYY'), TO_DATE('15/04/2015', 'DD/MM/YYYY'),'st-112, Doha, Qatar', 44755949, 'bela@yahoo.com', 15000,'35001');
INSERT INTO EMPLOYEE VALUES
(60078834,'Edward',TO_DATE('02/05/1990', 'DD/MM/YYYY'), TO_DATE('20/11/2012', 'DD/MM/YYYY'),'st-888, Doha, Qatar', 44755950, 'ewdard@gmail.com', 20000, '35002' );
INSERT INTO EMPLOYEE VALUES
(60078835,'Ayesha',TO_DATE('09/03/1995', 'DD/MM/YYYY'), TO_DATE('01/01/2013', 'DD/MM/YYYY'),'st-752, Doha, Qatar', 44755951, 'ayesha@hotmail.com',35000,'35003');
INSERT INTO EMPLOYEE VALUES
(60078836,'Zed',TO_DATE('12/12/1992', 'DD/MM/YYYY'), TO_DATE('05/05/2012', 'DD/MM/YYYY'),'st-145, Doha, Qatar', 44755952, 'zed@yahoo.com',54000,'35004' );
INSERT INTO EMPLOYEE VALUES
(60078837, 'Neelum',TO_DATE('15/09/1994', 'DD/MM/YYYY'), TO_DATE('11/03/2016', 'DD/MM/YYYY'),'st-100, Doha, Qatar', 44755953, 'neelum@yahoo.com',10000,'35005');

CREATE TABLE DATABASE
(
    DatabaseId NUMBER(8) NOT NULL,
    InterviewNo NUMBER(9) NOT NULL,
    CONSTRAINT PK_DATABASE PRIMARY KEY  (DatabaseId)
);  
--- inserting records into DATABASE
INSERT INTO DATABASE VALUES
(34821,222);
INSERT INTO DATABASE VALUES
(34822,223);
INSERT INTO DATABASE VALUES
(34823,224);
INSERT INTO DATABASE VALUES
(34824,225);
INSERT INTO DATABASE VALUES
(34825,226);


CREATE TABLE APPLICANT
(
    ApplicantId NUMBER(8) NOT NULL,
    Name VARCHAR2(20) NOT NULL,
    ApplicantSkills VARCHAR2(20) NOT NULL,
    Experience NUMBER(8) NOT NULL,
    CONSTRAINT PK_APPLICANT PRIMARY KEY  (ApplicantId)
);

--- inserting records into APPLICANT
INSERT INTO APPLICANT VALUES
(01,'Aiden', 'IT Manager', 05);
INSERT INTO APPLICANT VALUES
(02,'Liam','Project Manager', 02);
INSERT INTO APPLICANT VALUES
(03,'Noah','Software Engineer',03);
INSERT INTO APPLICANT VALUES
(04,'Caden','Doctor', 05);
INSERT INTO APPLICANT VALUES
(05, 'Ethan','Pilot', 05);

CREATE TABLE INTERVIEWRECORD
(
    InterviewNo NUMBER(8) NOT NULL,
    InterviewDate DATE,
    NumberOfPeople NUMBER(8) NOT NULL,
    DatabaseId NUMBER(8) NOT NULL,
    ApplicantId NUMBER(8) NOT NULL,
    CONSTRAINT PK_INTERVIEWRECORD PRIMARY KEY  (InterviewNo),
    CONSTRAINT faculty_ApplicantId_fk FOREIGN KEY (ApplicantId) REFERENCES APPLICANT(ApplicantId),
    CONSTRAINT faculty_DatabaseID_fk FOREIGN KEY (DatabaseId) REFERENCES DATABASE(DatabaseId)
);

--- inserting records into INTERVIEWRECORD
INSERT INTO INTERVIEWRECORD VALUES
(222, TO_DATE('01/01/2010', 'DD/MM/YYYY'), 20, 34821,01 );
INSERT INTO INTERVIEWRECORD VALUES
(223,TO_DATE('11/03/2011', 'DD/MM/YYYY'), 25, 34822,02  );
INSERT INTO INTERVIEWRECORD VALUES
(224,TO_DATE('15/06/2012', 'DD/MM/YYYY'), 30, 34823,03 );
INSERT INTO INTERVIEWRECORD VALUES
(225,TO_DATE('20/09/2013', 'DD/MM/YYYY'), 40, 34824,04  );
INSERT INTO INTERVIEWRECORD VALUES
(226, TO_DATE('28/10/2015', 'DD/MM/YYYY'), 19, 34825,05 );

CREATE TABLE SELECTIONLIST
(
    SelectionId NUMBER(8) NOT NULL,
    Comapny_Name VARCHAR2(160) NOT NULL,
    InterviewNo NUMBER(8) NOT NULL,
    CONSTRAINT PK_SELECTIONLIST PRIMARY KEY  (SelectionId),
    CONSTRAINT faculty_InterviewNo_fk FOREIGN KEY (InterviewNo) REFERENCES INTERVIEWRECORD(InterviewNo)
);  

--- inserting records into SELECTIONLIST
INSERT INTO SELECTIONLIST VALUES
(99, 'Qatar Pertolum', 222);
INSERT INTO SELECTIONLIST VALUES
(98,'QAPCO', 223);
INSERT INTO SELECTIONLIST VALUES
(97,'QCRI', 224);
INSERT INTO SELECTIONLIST VALUES
(96,'Hamad Medical', 225);
INSERT INTO SELECTIONLIST VALUES
(95, 'QEAF', 226);

CREATE TABLE AGREEMENT
(
    AgreementNo NUMBER(8) NOT NULL,
    AgreementDate DATE,
    CompanyID VARCHAR2(160) NOT NULL,
    SelectionId NUMBER(8) NOT NULL,
    CONSTRAINT PK_AGREEMENT PRIMARY KEY  (AgreementNo),
    CONSTRAINT faculty_SelectionID_fk FOREIGN KEY (SelectionId) REFERENCES SELECTIONLIST(SelectionId)
);  

--- inserting records into AGREEMENT
INSERT INTO AGREEMENT VALUES
(22275248,TO_DATE('02/01/2010', 'DD/MM/YYYY'), 35001, 99);
INSERT INTO AGREEMENT VALUES
(22275249, TO_DATE('03/01/2010', 'DD/MM/YYYY'),35002, 98);
INSERT INTO AGREEMENT VALUES
(22275250,TO_DATE('04/01/2010', 'DD/MM/YYYY'), 35003, 97);
INSERT INTO AGREEMENT VALUES
(22275251, TO_DATE('05/01/2010', 'DD/MM/YYYY'), 35004, 96);
INSERT INTO AGREEMENT VALUES
(22275252,TO_DATE('06/01/2010', 'DD/MM/YYYY'),35005, 95);

CREATE TABLE REGISTRATION
(
    RegistrationID NUMBER(9) NOT NULL,
    RegistrationDate DATE,
    AgreementNo NUMBER(8) NOT NULL,
    CompanyID VARCHAR2(160) NOT NULL,
    CONSTRAINT PK_REGISTRATIONR PRIMARY KEY  (RegistrationID),
    CONSTRAINT faculty_AgreNo_fk FOREIGN KEY (AgreementNo) REFERENCES AGREEMENT(AgreementNo),
    CONSTRAINT faculty_ComId_fk FOREIGN KEY (CompanyID) REFERENCES COMPANY(CompanyID)
);
--- inserting records into REGISTRATION
INSERT INTO REGISTRATION VALUES
(300141538, TO_DATE('05/01/2012', 'DD/MM/YYYY'), 22275248, '35001' );
INSERT INTO REGISTRATION VALUES
(300141539,TO_DATE('03/06/2012', 'DD/MM/YYYY'),22275249 ,'35002'  );
INSERT INTO REGISTRATION VALUES
(300141540,TO_DATE('06/09/2013', 'DD/MM/YYYY'), 22275250,'35003' );
INSERT INTO REGISTRATION VALUES
(300141541,TO_DATE('10/08/2015', 'DD/MM/YYYY'), 22275251,'35004');
INSERT INTO REGISTRATION VALUES
(300141542, TO_DATE('16/12/2016', 'DD/MM/YYYY'),22275252 , '35005');


    
CREATE TABLE JOBDESCRIPTIONID
(
    JobDesId NUMBER(8) NOT NULL,
    JobDescription VARCHAR2(40) NOT NULL,
    CompanyID VARCHAR2(160) NOT NULL,
    CONSTRAINT PK_JOBDESCRIPTIONID PRIMARY KEY  (JobDesId),
    CONSTRAINT CompyId_fk FOREIGN KEY (CompanyID) REFERENCES COMPANY(CompanyID)
); 
    
--inserting records into JOBDESCRIPTIONID
INSERT INTO JOBDESCRIPTIONID VALUES
(11111111, 'Hardware Tec', '35001');
INSERT INTO JOBDESCRIPTIONID VALUES
( 11111112,'Software Eng','35002');
INSERT INTO JOBDESCRIPTIONID VALUES
( 11111113,'Database Entry','35003' );
INSERT INTO JOBDESCRIPTIONID VALUES
(11111114, 'IT Security', '35004');
INSERT INTO JOBDESCRIPTIONID VALUES
(11111115, 'Project Manager', '35005');

CREATE TABLE ADVERTISEMENT
(
    StaffID NUMBER(8) NOT NULL,
    MediaName VARCHAR2(40) NOT NULL,
    MediaPhone NUMBER(8) NOT NULL,
    CompanyID VARCHAR2(160) NOT NULL,
    JobDesId NUMBER(8) NOT NULL,
    CONSTRAINT PK_ADVERTISEMENT PRIMARY KEY  (StaffID),
    CONSTRAINT CompId_fk FOREIGN KEY (CompanyID) REFERENCES COMPANY(CompanyID),
    CONSTRAINT JobDescID_fk FOREIGN KEY (JobDesId) REFERENCES JOBDESCRIPTIONID(JobDesId)
);    

-- inserting records into ADVERTISEMENT
INSERT INTO ADVERTISEMENT VALUES
(22275248,'QatarMedia', 44744744 , '35001', 11111111);
INSERT INTO ADVERTISEMENT VALUES
(22275249, 'GulfMedia',44744745,'35002', 11111112);
INSERT INTO ADVERTISEMENT VALUES
(22275250,'ALJazeera', 44744746, '35003', 11111113);
INSERT INTO ADVERTISEMENT VALUES
(22275251, 'QMedia', 44744747, '35004', 11111114);
INSERT INTO ADVERTISEMENT VALUES
(22275252,'AlKass',44744748, '35005', 11111115);

CREATE TABLE JJ
(
  EmployeeId NUMBER(8) NOT NULL,
  CompanyID VARCHAR2(160) NOT NULL,
  CONSTRAINT PK_eMPLOYYYiD PRIMARY KEY  (EmployeeId,CompanyID),
  CONSTRAINT fk_FK FOREIGN KEY (EmployeeId) REFERENCES EMPLOYEE(EmployeeId),
  CONSTRAINT fk_FK1 FOREIGN KEY (CompanyID) REFERENCES COMPANY(CompanyID)
);
  
  --- inserting records into NEWCUSTOMER
INSERT INTO JJ VALUES
(60078834,'35001');
INSERT INTO JJ VALUES
(60078835,'35002');
INSERT INTO JJ VALUES
(60078836,'35003');
INSERT INTO JJ VALUES
(60078835,'35004');
INSERT INTO JJ VALUES
(60078836,'35005');

 
CREATE TABLE NEWCUSTOMER
(
    NewCustomerId NUMBER(8) NOT NULL,
    Name VARCHAR2(40) NOT NULL,
    DOB DATE,
    Address VARCHAR2(70),
    Edu_Qulification VARCHAR2(160) NOT NULL,
    ExpectedSalary NUMBER(11) NOT NULL,
    Exprience NUMBER(11) NOT NULL,
    RegistrationID NUMBER(9) NOT NULL,
    CONSTRAINT PK_Customer PRIMARY KEY  (NewCustomerId),
    CONSTRAINT RegID_fk FOREIGN KEY (RegistrationID) REFERENCES REGISTRATION(RegistrationID)
);
  
  --- inserting records into NEWCUSTOMER
INSERT INTO NEWCUSTOMER VALUES
(11145455, 'Aliya',TO_DATE('19/02/1995', 'DD/MM/YYYY'),'st-1122, Doha, Qatar','Bechelor Degree', 15000, 05,300141538 );
INSERT INTO NEWCUSTOMER VALUES
(11145456,'Rameesha',TO_DATE('14/10/1994', 'DD/MM/YYYY'),'st-88888, Doha, Qatar','Master Degree', 25000, 03,300141539  );
INSERT INTO NEWCUSTOMER VALUES
(11145457,'Rabia',TO_DATE('07/09/1993', 'DD/MM/YYYY'),'st-7777, Doha, Qatar','Bechelor Degree', 30000, 04,300141540 );
INSERT INTO NEWCUSTOMER VALUES
(11145458,'Haris',TO_DATE('04/08/1990', 'DD/MM/YYYY'),'st-1444, Doha, Qatar','Bechelor Degree', 45000, 10,300141541  );
INSERT INTO NEWCUSTOMER VALUES
(11145459, 'Muna',TO_DATE('11/12/1995', 'DD/MM/YYYY'),'st-1111, Doha, Qatar', 'Bechelor Degree', 44000, 08,300141542 );


CREATE TABLE REGISTEREDCUSTOMER
(
    RegisteredCustomerId NUMBER(8) NOT NULL,
    Name VARCHAR2(50) NOT NULL,
    DOB DATE,
    Address VARCHAR2(70),
    Phone NUMBER(8) NOT NULL,
    Email VARCHAR2(60),
    Job_ID VARCHAR2(4) NOT NULL,
    Experience NUMBER(30),
    REGISTRATIONID NUMBER(9) NOT NULL,
    CONSTRAINT PK_REGISTEREDCUSTOMER PRIMARY KEY  (RegistrationId),
    CONSTRAINT JobID_fk FOREIGN KEY (Job_ID) REFERENCES JOBS(Job_ID),
    CONSTRAINT RegistrationID_fk FOREIGN KEY (RegistrationID) REFERENCES REGISTRATION(RegistrationID)
);
--- inserting records into REGISTEREDCUSTOMER
INSERT INTO REGISTEREDCUSTOMER VALUES
(11145456, 'Aliya',TO_DATE('19/02/1995', 'DD/MM/YYYY'),'st-1122, Doha, Qatar',  33395872, 'aliya@yahoo.com',  'IT11', 05 , 300141538 );
INSERT INTO REGISTEREDCUSTOMER VALUES
(11145457,'Rameesha',TO_DATE('14/10/1994', 'DD/MM/YYYY'),'st-88888, Doha, Qatar',  33395872, 'rameesha@yahoo.com',  'PM22', 04 , 300141539 );
INSERT INTO REGISTEREDCUSTOMER VALUES
(11145458,'Rabia',TO_DATE('07/09/1993', 'DD/MM/YYYY'),'st-7777, Doha, Qatar',  33395872, 'rabia@yahoo.com',  'SE33', 02 , 300141540  );
INSERT INTO REGISTEREDCUSTOMER VALUES
(11145459,'Haris',TO_DATE('04/08/1990', 'DD/MM/YYYY'),'st-1444, Doha, Qatar',  33395872, 'haris@yahoo.com',  'DC44', 01 , 300141541 );
INSERT INTO REGISTEREDCUSTOMER VALUES
(11145460, 'Muna',TO_DATE('11/12/1995', 'DD/MM/YYYY'),'st-1111, Doha, Qatar',   33395872, 'muna@yahoo.com',  'PL55', 05 , 300141542 );

--


COMMIT;







